Name,Email
Megan,meganmawlong@gmail.com
Shaunessa,shaunessa.pn@gmail.com
Kristin,akmawlong.15@gmail.com
Chelsea,chelmawlong@gmail.com
Ryan,rjames9827@gmail.com
Eric,ericmawlong@gmail.com
Barry,mawlongbarry@gmail.com
Jordan,jordanmawlong33@gmail.com
Danica,dlyngwa@gmail.com
Leon,leonmawlong@gmail.com
Nathan,stephanie.marbaniang@gmail.com
Rachel,stephanie.marbaniang@gmail.com
